{"cameraMode":{"drawMode":0,"name":"Shaded","section":"Shading Mode"},"sceneLighting":false,"audioPlay":false,"sceneViewState":{"m_AlwaysRefresh":false,"showFog":true,"showSkybox":false,"showFlares":true,"showImageEffects":true,"showParticleSystems":true,"showVisualEffectGraphs":true,"m_FxEnabled":false},"in2DMode":false,"pivot":{"x":0.33387109637260439,"y":0.13105422258377076,"z":3.3914384841918947},"rotation":{"x":0.3248884677886963,"y":-0.11173366755247116,"z":0.038652658462524417,"w":0.9383596777915955},"size":2.2763352394104006,"orthographic":false}