{"cameraMode":{"drawMode":0,"name":"Shaded","section":"Shading Mode"},"sceneLighting":false,"audioPlay":false,"sceneViewState":{"m_AlwaysRefresh":false,"showFog":true,"showSkybox":false,"showFlares":true,"showImageEffects":true,"showParticleSystems":true,"showVisualEffectGraphs":true,"m_FxEnabled":true},"in2DMode":false,"pivot":{"x":-0.01914708875119686,"y":1.0436145067214966,"z":0.019532397389411928},"rotation":{"x":0.007039280608296394,"y":0.9900135397911072,"z":-0.05351284146308899,"w":0.1302337348461151},"size":1.4660253524780274,"orthographic":false}