{"cameraMode":{"drawMode":0,"name":"Shaded","section":"Shading Mode"},"sceneLighting":false,"audioPlay":false,"sceneViewState":{"m_AlwaysRefresh":false,"showFog":true,"showSkybox":false,"showFlares":true,"showImageEffects":true,"showParticleSystems":true,"showVisualEffectGraphs":true,"m_FxEnabled":false},"in2DMode":false,"pivot":{"x":292.7981262207031,"y":164.75775146484376,"z":0.45644229650497439},"rotation":{"x":0.0012449119240045548,"y":-0.909279465675354,"z":0.41625604033470156,"w":0.0027024205774068834},"size":0.8995097279548645,"orthographic":true}