{"cameraMode":{"drawMode":0,"name":"Shaded","section":"Shading Mode"},"sceneLighting":false,"audioPlay":false,"sceneViewState":{"m_AlwaysRefresh":false,"showFog":true,"showSkybox":false,"showFlares":true,"showImageEffects":true,"showParticleSystems":true,"showVisualEffectGraphs":true,"m_FxEnabled":true},"in2DMode":false,"pivot":{"x":-1.1928389072418213,"y":0.44676220417022707,"z":2.9079151153564455},"rotation":{"x":-0.24360598623752595,"y":0.22059451043605805,"z":-0.05700194835662842,"w":-0.9427400827407837},"size":0.7933552861213684,"orthographic":false}