{"cameraMode":{"drawMode":0,"name":"Shaded","section":"Shading Mode"},"sceneLighting":false,"audioPlay":false,"sceneViewState":{"m_AlwaysRefresh":false,"showFog":true,"showSkybox":false,"showFlares":true,"showImageEffects":true,"showParticleSystems":true,"showVisualEffectGraphs":true,"m_FxEnabled":false},"in2DMode":false,"pivot":{"x":-31.920000076293947,"y":1.0299999713897706,"z":-45.289398193359378},"rotation":{"x":0.0047435034066438679,"y":-0.9951893091201782,"z":0.061433710157871249,"w":0.07663927972316742},"size":0.730036199092865,"orthographic":false}