{"cameraMode":{"drawMode":0,"name":"Shaded","section":"Shading Mode"},"sceneLighting":false,"audioPlay":false,"sceneViewState":{"m_AlwaysRefresh":false,"showFog":true,"showSkybox":false,"showFlares":true,"showImageEffects":true,"showParticleSystems":true,"showVisualEffectGraphs":true,"m_FxEnabled":false},"in2DMode":false,"pivot":{"x":60.683807373046878,"y":3.835273265838623,"z":62.07708740234375},"rotation":{"x":-0.00006456380651798099,"y":0.9998912215232849,"z":-0.016809897497296335,"w":-0.002381211379542947},"size":1.588348388671875,"orthographic":false}