{"cameraMode":{"drawMode":0,"name":"Shaded","section":"Shading Mode"},"sceneLighting":false,"audioPlay":false,"sceneViewState":{"m_AlwaysRefresh":false,"showFog":true,"showSkybox":false,"showFlares":true,"showImageEffects":true,"showParticleSystems":true,"showVisualEffectGraphs":true,"m_FxEnabled":false},"in2DMode":false,"pivot":{"x":63.317134857177737,"y":0.1008758544921875,"z":68.46258544921875},"rotation":{"x":0.01484354492276907,"y":-0.9444926977157593,"z":0.32542628049850466,"w":0.04311086982488632},"size":36.34616470336914,"orthographic":false}