{"cameraMode":{"drawMode":0,"name":"Shaded","section":"Shading Mode"},"sceneLighting":false,"audioPlay":false,"sceneViewState":{"m_AlwaysRefresh":false,"showFog":true,"showSkybox":false,"showFlares":true,"showImageEffects":true,"showParticleSystems":true,"showVisualEffectGraphs":true,"m_FxEnabled":false},"in2DMode":false,"pivot":{"x":-0.019999980926513673,"y":0.9700000882148743,"z":0.45644229650497439},"rotation":{"x":0.046546146273612979,"y":-0.9354046583175659,"z":0.1343431919813156,"w":0.3239034414291382},"size":2.4812099933624269,"orthographic":true}