{"cameraMode":{"drawMode":0,"name":"Shaded","section":"Shading Mode"},"sceneLighting":false,"audioPlay":false,"sceneViewState":{"m_AlwaysRefresh":false,"showFog":true,"showSkybox":false,"showFlares":true,"showImageEffects":true,"showParticleSystems":true,"showVisualEffectGraphs":true,"m_FxEnabled":false},"in2DMode":false,"pivot":{"x":0.8053561449050903,"y":0.6815091371536255,"z":0.5554038286209106},"rotation":{"x":-0.01903402805328369,"y":0.9068418741226196,"z":-0.0412207655608654,"w":-0.41907820105552676},"size":0.8660253882408142,"orthographic":false}